{
    "accuracy": [
        0.300923615694046,
        0.20768846571445465,
        0.23315027356147766,
        0.17324014008045197,
        0.21005991101264954,
        0.2020718902349472,
        0.241887167096138,
        0.26335495710372925,
        0.29767847061157227,
        0.31315526366233826
    ],
    "val_accuracy": [
        0.06340489536523819,
        0.24113829433918,
        0.13479779660701752,
        0.26410382986068726,
        0.09635546803474426,
        0.23364952206611633,
        0.33799299597740173,
        0.32251623272895813,
        0.4458312392234802,
        0.44383424520492554
    ],
    "loss": [
        6.34372091293335,
        2.3965861797332764,
        2.104778528213501,
        2.0390403270721436,
        1.9421868324279785,
        2.0932071208953857,
        1.9350645542144775,
        1.9133648872375488,
        1.8349376916885376,
        1.8185005187988281
    ],
    "val_loss": [
        2.7511613368988037,
        1.994888424873352,
        1.9760537147521973,
        1.9755926132202148,
        1.940134882926941,
        1.7969502210617065,
        1.7628506422042847,
        1.7899295091629028,
        1.5666005611419678,
        1.5005568265914917
    ]
}